Protein Name,# Unique Peptides,Peptide,Peptide Theoretical Mass,Peptide Theoretical m/z (+1),ppm Error Threshold,Calc. Da Error Threshold,LC-MS/MS Scan
Q01149,30,GDQGPVGR,784.3827,785.39054,50,0.04,20240702_R0008-R1.03396.03396.2
Q01149,30,GPSGAPGPDGNK,1052.4885,1053.49634,50,0.05,20240702_R0008-R1.03604.03604.2
Q01149,30,GPRGDQGPVGR,1094.558,1095.56584,50,0.06,20240702_R0008-R1.03757.03757.2
Q01149,30,EGIRGPR,783.4351,784.44294,50,0.04,20240702_R0008-R1.04134.04134.2
Q01149,30,GETGLRGDTGNTGR,1389.6595,1390.66734,50,0.07,20240702_R0008-R1.04718.04718.3
Q01149,30,GPAGPSGPVGKDGR,1250.6366,1251.64444,50,0.07,20240702_R0008-R1.04796.04796.3
Q01149,30,GPSGPQGIRGDK,1167.5995,1168.60734,50,0.06,20240702_R0008-R1.04859.04859.3
Q01149,30,GETGLRGDTGNTGRDGAR,1788.8462,1789.85404,50,0.09,20240702_R0008-R1.05031.05031.4
Q01149,30,GVVGPQGAR,839.4613,840.46914,50,0.04,20240702_R0008-R1.05120.05120.2
Q01149,30,GPAGPSGPVGK,922.4872,923.49504,50,0.05,20240702_R0008-R1.05195.05195.2
Q01149,30,GSTGPAGIR,814.4297,815.43754,50,0.04,20240702_R0008-R1.05667.05667.2
Q01149,30,GPSGPQGIR,867.4562,868.46404,50,0.05,20240702_R0008-R1.05798.05798.2
Q01149,30,GEAGAAGPSGPAGPR,1250.6002,1251.60804,50,0.06,20240702_R0008-R1.06122.06122.2
Q01149,30,GPNGDAGRPGEPGLMGPR,1733.8267,1734.83454,50,0.09,20240702_R0008-R1.06792.06792.3
Q01149,30,GSTGPAGIRGPNGDAGR,1538.7549,1539.76274,50,0.07,20240702_R0008-R1.07808.07808.3
Q01149,30,GESGNKGEPGSVGAQGPPGPSGEEGK,2365.0781,2366.0859400000004,50,0.12,20240702_R0008-R1.07920.07920.3
Q01149,30,EGIRGPRGDQGPVGR,1549.8073,1550.81514,50,0.08,20240702_R0008-R1.09329.09329.4
Q01149,30,SGQPGPVGPAGVR,1177.6202,1178.62804,50,0.06,20240702_R0008-R1.09439.09439.2
Q01149,30,PGPIGPAGPR,917.5082,918.51604,50,0.05,20240702_R0008-R1.09441.09441.2
Q01149,30,DGRSGQPGPVGPAGVR,1505.7698,1506.77764,50,0.08,20240702_R0008-R1.09556.09556.3
Q01149,30,GTPGESGAAGPSGPIGSR,1553.7433,1554.75114,50,0.07,20240702_R0008-R1.10096.10096.2
Q01149,30,GVSSGPGPMGLMGPR,1430.6644,1431.6722399999999,50,0.07,20240702_R0008-R1.11604.11604.3
Q01149,30,TGETGASGPPGFVGEK,1489.7048,1490.71264,50,0.07,20240702_R0008-R1.13192.13192.2
Q01149,30,GPSGDPGKPGER,1152.5522,1153.56004,50,0.06,20240702_R0008-R1.13546.13546.2
Q01149,30,GVSSGPGPMGLMGPR,1414.6696,1415.67744,50,0.07,20240702_R0008-R1.14859.14859.2
Q01149,30,GEPGPAGSVGPVGAVGPR,1559.8054,1560.81324,50,0.08,20240702_R0008-R1.15327.15327.3
Q01149,30,HGNRGEPGPAGSVGPVGAVGPR,2024.0299,2025.03774,50,0.1,20240702_R0008-R1.15584.15584.4
Q01149,30,GEVGPAGPNGFAGPAGAAGQPGAK,2033.9917,2034.99954,50,0.1,20240702_R0008-R1.15734.15734.3
Q01149,30,GSTGPAGIRGPNGDAGRPGEPGLMGPR,2546.2407,2547.24854,50,0.13,20240702_R0008-R1.15744.15744.4
Q01149,30,GDGGPPGMTGFPGAAGR,1516.6727,1517.68054,50,0.07,20240702_R0008-R1.15913.15913.2
Q01149,30,GVSSGPGPMGLMGPR,1398.6747,1399.68254,50,0.07,20240702_R0008-R1.18810.18810.2
Q01149,30,GPAGPSGPVGKDGRSGQPGPVGPAGVR,2410.2463,2411.25414,50,0.12,20240702_R0008-R2.12396.12396.4
Q01149,30,GPNGDAGRPGEPGLMGPR,1749.8215,1750.82934,50,0.09,20240702_R0008-R3.11157.11157.3
P28481,5,DGETGAAGPPGPSGPAGER,1678.7545,1679.76234,50,0.08,20240702_R0008-R1.07172.07172.3
P28481,5,GEAGAPGVKGESGSPGENGSPGPMGPRGLPGER,3060.4316,3061.43944,50,0.15,20240702_R0008-R1.12736.12736.3
P28481,5,GETGPPGPAGFAGPPGADGQPGAK,2088.9863,2089.9941400000002,50,0.11,20240702_R0008-R1.14054.14054.3
P28481,5,AGDPGLQGPAGAPGEKGEPGDDGPSGLDGPPGPQGLAGQR,3632.709,3633.71684,50,0.18,20240702_R0008-R2.11945.11945.5
P28481,5,GEAGAPGVKGESGSPGENGSPGPMGPRGLPGER,3044.4368,3045.44464,50,0.16,20240702_R0008-R2.13171.13171.3
P28481,5,GEAGAQGPMGPSGPAGAR,1582.7157,1583.72354,50,0.08,20240702_R0008-R3.13231.13231.3
P08121,9,GDAGQPGEK,857.3879,858.3957399999999,50,0.04,20240702_R0008-R1.02170.02170.2
P08121,9,GPSGEPGK,727.35,728.35784,50,0.04,20240702_R0008-R1.02276.02276.2
P08121,9,DGNPGSDGQPGR,1155.4904,1156.49824,50,0.06,20240702_R0008-R1.03258.03258.2
P08121,9,GGPGPAGPR,764.3929,765.40074,50,0.04,20240702_R0008-R1.03715.03715.2
P08121,9,GPVGPHGPPGK,998.5297,999.53754,50,0.05,20240702_R0008-R1.04659.04659.3
P08121,9,GEPGGAGADGVPGK,1167.5519,1168.55974,50,0.06,20240702_R0008-R1.06836.06836.2
P08121,9,GEPGGAGADGVPGKDGPR,1592.7542,1593.76204,50,0.08,20240702_R0008-R1.07051.07051.3
P08121,9,GPSGFRGPAGPNGIPGEK,1693.8535,1694.86134,50,0.08,20240702_R0008-R1.13097.13097.3
P08121,9,GQPGVMGFPGPKGNDGAPGKNGER,2323.1125,2324.1203400000004,50,0.11,20240702_R0008-R3.13414.13414.3
